{"cameraMode":{"drawMode":0,"name":"Shaded","section":"Shading Mode"},"sceneLighting":true,"audioPlay":false,"sceneViewState":{"m_AlwaysRefresh":false,"showFog":true,"showSkybox":true,"showFlares":true,"showImageEffects":true,"showParticleSystems":true,"showVisualEffectGraphs":true,"m_FxEnabled":true},"in2DMode":false,"pivot":{"x":5.555119514465332,"y":12.907600402832032,"z":-19.721704483032228},"rotation":{"x":-0.15713313221931458,"y":-0.019257841631770135,"z":0.003084612311795354,"w":-0.9874394536018372},"size":10.449999809265137,"orthographic":false}